City_ID,City,Lat,Lng,Max Temp,Humidity,Cloudiness,Wind Speed,Current Description,Country,Date
0,Bethel,41.3712,-73.414,77.86,74,20,6.91,clear sky,US,5/21/2022 14:50
1,Atuona,-9.8,-139.0333,77.18,76,24,9.4,shower rain,PF,5/21/2022 14:50
2,The Valley,18.217,-63.0578,85.1,74,20,13.8,clear sky,AI,5/21/2022 14:50
3,Liverpool,53.4106,-2.9779,66.38,63,75,10.36,clear sky,GB,5/21/2022 14:50
4,New Norfolk,-42.7826,147.0587,42.3,86,4,2.53,overcast clouds,AU,5/21/2022 14:50
5,Busselton,-33.65,115.3333,61.12,70,5,9.73,overcast clouds,AU,5/21/2022 14:50
6,Pangnirtung,66.1451,-65.7125,28.4,93,75,10.36,few clouds,CA,5/21/2022 14:50
7,Albany,42.6001,-73.9662,81.73,80,76,3.36,broken clouds,US,5/21/2022 14:50
8,Vila,42.0304,-8.1588,66.7,68,100,5.91,light intensity drizzle rain,PT,5/21/2022 14:50
9,Castro,-24.7911,-50.0119,61.61,43,2,3.47,overcast clouds,BR,5/21/2022 14:50
10,Guymon,36.6828,-101.4816,50,57,100,18.41,clear sky,US,5/21/2022 14:50
11,Opuwo,-18.0607,13.84,77.74,8,0,4.72,shower rain,NA,5/21/2022 14:51
12,San Policarpo,12.1791,125.5072,81.07,84,59,8.97,clear sky,PH,5/21/2022 14:51
13,Porto Santo,33.072,-16.3415,71.98,60,20,12.66,clear sky,PT,5/21/2022 14:49
14,Rikitea,-23.1203,-134.9692,74.57,74,13,5.7,overcast clouds,PF,5/21/2022 14:51
15,Nagato,34.3833,131.2,61.2,81,1,4.5,overcast clouds,JP,5/21/2022 14:48
16,Aykhal,66,111.5,40.84,76,100,6.58,few clouds,RU,5/21/2022 14:51
17,Ribeira Grande,38.5167,-28.7,64.8,100,100,5.75,broken clouds,PT,5/21/2022 14:51
18,Hilo,19.7297,-155.09,80.28,84,100,3.44,light intensity drizzle rain,US,5/21/2022 14:51
19,Saint-Philippe,-21.3585,55.7679,76.59,84,43,12.8,overcast clouds,RE,5/21/2022 14:51
20,Kavaratti,10.5669,72.642,83.14,79,100,17.54,clear sky,IN,5/21/2022 14:51
21,Antalaha,-14.9003,50.2788,73.6,91,68,8.25,shower rain,MG,5/21/2022 14:51
22,Punta Arenas,-53.15,-70.9167,35.71,87,0,4.61,clear sky,CL,5/21/2022 14:50
23,East London,-33.0153,27.9116,63.54,82,0,8.05,clear sky,ZA,5/21/2022 14:47
24,Victoria,22.2855,114.1577,81.18,81,90,11.99,overcast clouds,HK,5/21/2022 14:48
25,Airai,-8.9266,125.4092,58.41,88,24,3.6,overcast clouds,TL,5/21/2022 14:50
26,Wajima,37.4,136.9,62.37,74,94,8.68,few clouds,JP,5/21/2022 14:51
27,Ketchikan,55.3422,-131.6461,46.87,76,0,6.91,broken clouds,US,5/21/2022 14:51
28,Carnarvon,-24.8667,113.6333,71.89,61,33,3.15,light intensity drizzle rain,AU,5/21/2022 14:51
29,Puerto Varas,-41.3195,-72.9854,52.02,100,100,16.11,overcast clouds,CL,5/21/2022 14:51
30,Rawson,-43.3002,-65.1023,56.66,44,89,12.01,clear sky,AR,5/21/2022 14:51
31,Touros,-5.1989,-35.4608,86.14,61,37,12.68,shower rain,BR,5/21/2022 14:51
32,Bambous Virieux,-20.3428,57.7575,75.45,78,40,11.5,clear sky,MU,5/21/2022 14:51
33,Kapaa,22.0752,-159.319,75.18,99,100,5.75,clear sky,US,5/21/2022 14:50
34,Cidreira,-30.1811,-50.2056,61.66,58,0,6.49,overcast clouds,BR,5/21/2022 14:51
35,Puerto Ayora,-0.7393,-90.3518,73.54,91,76,5.99,overcast clouds,EC,5/21/2022 14:51
36,Santiago De Chuco,-8.15,-78.1833,59.45,57,64,1.57,few clouds,PE,5/21/2022 14:51
37,Komsomolskiy,40.4272,71.7189,79.52,29,100,16.11,broken clouds,UZ,5/21/2022 14:51
38,Corn Island,12.1694,-83.0418,81.41,77,97,4.94,light intensity drizzle rain,NI,5/21/2022 14:51
39,Lagoa,39.05,-27.9833,63.7,93,79,2.75,overcast clouds,PT,5/21/2022 14:51
40,Chicama,-7.8447,-79.1469,61.34,73,43,7.23,clear sky,PE,5/21/2022 14:51
41,Alakurtti,66.9672,30.3491,50.29,58,100,8.59,shower rain,RU,5/21/2022 14:51
42,Torbay,47.6666,-52.7314,59.77,36,20,8.05,clear sky,CA,5/21/2022 14:51
43,Mataura,-46.1927,168.8643,43.72,97,100,7.96,clear sky,NZ,5/21/2022 14:51
44,Barrow,71.2906,-156.7887,23.02,93,100,9.22,overcast clouds,US,5/21/2022 14:50
45,Lompoc,34.6391,-120.4579,62.01,93,0,4.61,overcast clouds,US,5/21/2022 14:51
46,Tual,-5.6667,132.75,83.26,75,73,14.23,few clouds,ID,5/21/2022 14:51
47,Chokurdakh,70.6333,147.9167,32.95,98,100,3.91,broken clouds,RU,5/21/2022 14:51
48,Mahebourg,-20.4081,57.7,75.49,78,40,11.5,light intensity drizzle rain,MU,5/21/2022 14:48
49,Bage,-31.3314,-54.1069,58.78,72,0,6.91,overcast clouds,BR,5/21/2022 14:51
50,Omaruru,-21.4333,15.9333,70.72,8,0,3.98,clear sky,NA,5/21/2022 14:51
51,Vaini,-21.2,-175.2,71.76,94,75,3.44,shower rain,TO,5/21/2022 14:51
52,Tahe,52.3333,124.7333,44.73,62,41,2.91,clear sky,CN,5/21/2022 14:51
53,Bredasdorp,-34.5322,20.0403,61.95,60,80,10.4,clear sky,ZA,5/21/2022 14:48
54,Cape Town,-33.9258,18.4232,66.11,63,20,10.36,overcast clouds,ZA,5/21/2022 14:51
55,Trzebiatow,54.0615,15.2648,60.85,81,64,19.17,overcast clouds,PL,5/21/2022 14:51
56,Hobart,-42.8794,147.3294,42.66,92,100,3.44,few clouds,AU,5/21/2022 14:50
57,Tokmak,47.2514,35.7058,71.08,49,100,21.54,broken clouds,UA,5/21/2022 14:51
58,Pisco,-13.7,-76.2167,66.25,72,90,3.44,light intensity drizzle rain,PE,5/21/2022 14:51
59,Cayenne,4.9333,-52.3333,84.09,1,75,3.44,overcast clouds,GF,5/21/2022 14:49
60,Jamestown,42.097,-79.2353,81.01,72,75,11.5,clear sky,US,5/21/2022 14:51
61,Dikson,73.5069,80.5464,29.64,90,100,10.31,shower rain,RU,5/21/2022 14:51
62,Nikolskoye,59.7035,30.7861,53.87,38,9,11.25,clear sky,RU,5/21/2022 14:51
63,Ushuaia,-54.8,-68.3,40.66,81,100,4.61,clear sky,AR,5/21/2022 14:49
64,Koulamoutou,-1.1303,12.4736,77.2,85,100,0.56,overcast clouds,GA,5/21/2022 14:51
65,Port Alfred,-33.5906,26.891,63.18,80,72,3,overcast clouds,ZA,5/21/2022 14:51
66,Maarianhamina,60.0973,19.9348,57.06,41,0,10.36,few clouds,AX,5/21/2022 14:51
67,Ahipara,-35.1667,173.1667,60.08,75,65,12.46,broken clouds,NZ,5/21/2022 14:46
68,Lahan,26.7296,86.4951,84.87,58,25,10.78,light intensity drizzle rain,NP,5/21/2022 14:51
69,Smithers,54.7804,-127.1743,35.92,80,0,2.3,overcast clouds,CA,5/21/2022 14:51
70,Hithadhoo,-0.6,73.0833,83.89,68,100,9.15,clear sky,MV,5/21/2022 14:50
71,Vestmanna,62.1564,-7.1664,49.12,93,100,14.97,shower rain,FO,5/21/2022 14:51
72,Severo-Kurilsk,50.6789,156.125,41.31,97,100,2.98,clear sky,RU,5/21/2022 14:51
73,Bluff,-46.6,168.3333,49.37,87,100,23.4,clear sky,NZ,5/21/2022 14:51
74,Cravo Norte,6.3017,-70.2041,85.57,59,10,7.31,overcast clouds,CO,5/21/2022 14:51
75,Rio Muerto,27.4167,-110.2333,77.25,52,0,11.7,overcast clouds,MX,5/21/2022 14:51
76,Tasiilaq,65.6145,-37.6368,38.73,70,19,1.79,few clouds,GL,5/21/2022 14:51
77,Longyearbyen,78.2186,15.6401,37.24,75,75,3.44,broken clouds,SJ,5/21/2022 14:51
78,Hermanus,-34.4187,19.2345,62.8,68,42,8.99,light intensity drizzle rain,ZA,5/21/2022 14:51
79,Klaksvik,62.2266,-6.589,50.92,88,94,16.13,overcast clouds,FO,5/21/2022 14:51
80,Georgetown,5.4112,100.3354,85.95,83,20,3.44,clear sky,MY,5/21/2022 14:48
81,Namatanai,-3.6667,152.4333,80.49,80,92,8.28,shower rain,PG,5/21/2022 14:51
82,Jyvaskyla,62.2415,25.7209,62.13,33,0,10.36,clear sky,FI,5/21/2022 14:51
83,Dhidhdhoo,6.8833,73.1,83.77,79,69,15.68,clear sky,MV,5/21/2022 14:51
84,Te Anau,-45.4167,167.7167,43.84,91,97,5.06,overcast clouds,NZ,5/21/2022 14:50
85,Trzcianka,53.0406,16.4563,59.02,80,95,16.91,overcast clouds,PL,5/21/2022 14:51
86,San Pedro,14.35,121.0167,81.63,79,40,2.3,few clouds,PH,5/21/2022 14:51
87,Bonoua,5.2741,-3.595,82.02,97,100,6.76,broken clouds,CI,5/21/2022 14:51
88,Lufilufi,-13.8745,-171.5986,74.98,78,37,11.81,light intensity drizzle rain,WS,5/21/2022 14:51
89,Weatherford,32.7593,-97.7972,81.46,77,42,1.99,overcast clouds,US,5/21/2022 14:51
90,Gayny,60.3071,54.3241,35.13,97,100,6.4,clear sky,RU,5/21/2022 14:51
91,Vardo,70.3705,31.1107,39.18,81,100,24.16,shower rain,NO,5/21/2022 14:51
92,Yellowknife,62.456,-114.3525,48.72,57,75,2.3,clear sky,CA,5/21/2022 14:48
93,Yulara,-25.2406,130.9889,55.83,50,11,10.09,clear sky,AU,5/21/2022 14:51
94,Kisangani,0.5167,25.2,76.28,81,100,2.89,overcast clouds,CD,5/21/2022 14:51
95,Avarua,-21.2078,-159.775,75.25,83,75,3.44,overcast clouds,CK,5/21/2022 14:50
96,Araouane,18.9048,-3.5265,108.28,8,66,11.32,few clouds,ML,5/21/2022 14:51
97,Souillac,-20.5167,57.5167,75.58,78,40,11.5,broken clouds,MU,5/21/2022 14:51
98,Leningradskiy,69.3833,178.4167,29.46,98,97,8.95,light intensity drizzle rain,RU,5/21/2022 14:51
99,Faanui,-16.4833,-151.75,79.63,73,13,10.09,overcast clouds,PF,5/21/2022 14:51
100,Fengcheng,40.4536,124.0717,56.25,91,17,2.35,clear sky,CN,5/21/2022 14:51
101,Russell,32.3502,-85.1999,82.11,74,40,5.75,shower rain,US,5/21/2022 14:51
102,Makakilo City,21.3469,-158.0858,73.72,89,100,0,clear sky,US,5/21/2022 14:51
103,Brasileia,-11.0161,-68.7481,77.45,73,2,0,clear sky,BR,5/21/2022 14:51
104,Adrar,20.5022,-10.0711,106.72,6,1,4.65,overcast clouds,MR,5/21/2022 14:51
105,Tuktoyaktuk,69.4541,-133.0374,28.4,80,100,9.22,overcast clouds,CA,5/21/2022 14:51
106,Saskylakh,71.9167,114.0833,28.35,98,100,5.48,few clouds,RU,5/21/2022 14:51
107,Mamallapuram,12.6264,80.1722,92.05,55,85,8.7,broken clouds,IN,5/21/2022 14:51
108,Bushehr,28.9684,50.8385,87.89,42,0,16.11,light intensity drizzle rain,IR,5/21/2022 14:51
109,Ejura,7.3856,-1.3562,72.66,91,100,4.32,overcast clouds,GH,5/21/2022 14:51
110,Hadejia,12.4498,10.0444,105.31,7,73,11.03,clear sky,NG,5/21/2022 14:51
111,Chumikan,54.7183,135.315,31.89,99,100,2.15,shower rain,RU,5/21/2022 14:51
112,Salina,38.8403,-97.6114,51.93,55,100,14.97,clear sky,US,5/21/2022 14:50
113,Vestmannaeyjar,63.4427,-20.2734,54.59,71,0,9.22,clear sky,IS,5/21/2022 14:51
114,Roma,43.2128,-75.4557,86.38,66,0,5.01,overcast clouds,US,5/21/2022 14:51
115,Beyneu,45.3167,55.2,60.21,31,6,23.64,overcast clouds,KZ,5/21/2022 14:51
116,Kodiak,57.79,-152.4072,45.91,81,100,19.57,few clouds,US,5/21/2022 14:51
117,Bilma,18.6853,12.9164,101.61,8,32,5.26,broken clouds,NE,5/21/2022 14:51
118,Chara,56.9064,118.2631,49.03,62,100,2.55,light intensity drizzle rain,RU,5/21/2022 14:51
119,Vlore,40.4667,19.4897,73.15,47,0,6.33,overcast clouds,AL,5/21/2022 14:51
120,Necochea,-38.5473,-58.7368,58.32,57,0,12.01,clear sky,AR,5/21/2022 14:48
121,Sartell,45.6216,-94.2069,48.15,60,75,9.22,shower rain,US,5/21/2022 14:51
122,Isangel,-19.55,169.2667,77.94,91,93,18.14,clear sky,VU,5/21/2022 14:51
123,Palu,-0.8917,119.8707,76.24,97,100,0.31,clear sky,ID,5/21/2022 14:51
124,Oyama,36.3,139.8,65.59,75,100,1.95,overcast clouds,JP,5/21/2022 14:51
125,Fort Nelson,58.8053,-122.7002,38.79,52,75,6.91,overcast clouds,CA,5/21/2022 14:51
126,Saurimo,-9.6608,20.3916,85.53,24,57,0.81,few clouds,AO,5/21/2022 14:51
127,Pimentel,-6.8367,-79.9342,68.29,73,0,11.5,broken clouds,PE,5/21/2022 14:51
128,Ayolas,-27.4,-56.9,63.9,59,27,4.56,light intensity drizzle rain,PY,5/21/2022 14:51
129,Kantang,7.4054,99.5156,79.77,86,100,4.88,overcast clouds,TH,5/21/2022 14:51
130,Broken Hill,-31.95,141.4333,54.25,93,100,12.06,clear sky,AU,5/21/2022 14:51
131,Ponta Do Sol,32.6667,-17.1,75,76,70,1.07,shower rain,PT,5/21/2022 14:51
132,Lorengau,-2.0226,147.2712,81.21,82,100,8.48,clear sky,PG,5/21/2022 14:51
133,Itarema,-2.9248,-39.9167,84.99,65,17,7.81,clear sky,BR,5/21/2022 14:51
134,Jobner,26.9667,75.3833,99.82,14,2,7.52,overcast clouds,IN,5/21/2022 14:51
135,Ishigaki,24.3448,124.1572,73.53,88,100,5.75,overcast clouds,JP,5/21/2022 14:51
136,Teeli,51.0333,90.2333,62.85,39,9,1.61,few clouds,RU,5/21/2022 14:51
137,Strezhevoy,60.7333,77.5889,49.08,65,73,7.23,broken clouds,RU,5/21/2022 14:51
138,Gambela,8.25,34.5833,90.32,46,89,4.65,light intensity drizzle rain,ET,5/21/2022 14:51
139,Vaxjo,56.8777,14.8091,51.85,93,75,8.05,overcast clouds,SE,5/21/2022 14:51
140,Verkhnyaya Inta,65.9811,60.3094,40.75,58,100,13.67,clear sky,RU,5/21/2022 14:51
141,Lichinga,-13.3128,35.2406,65.52,75,93,2.33,shower rain,MZ,5/21/2022 14:51
142,Fairbanks,64.8378,-147.7164,55.22,62,0,3.44,clear sky,US,5/21/2022 14:47
143,Belaya Gora,68.5333,146.4167,43.25,83,61,3.15,clear sky,RU,5/21/2022 14:51
144,Omboue,-1.5746,9.2618,79.27,80,100,10.04,overcast clouds,GA,5/21/2022 14:51
145,Arraial Do Cabo,-22.9661,-42.0278,73.36,68,40,6.91,overcast clouds,BR,5/21/2022 14:51
146,Padang,-0.9492,100.3543,82.45,89,93,3.04,few clouds,ID,5/21/2022 14:51
147,Sabha,27.0377,14.4283,84.72,5,0,10.33,broken clouds,LY,5/21/2022 14:51
148,Moose Factory,51.2585,-80.6094,37.4,81,100,10.36,light intensity drizzle rain,CA,5/21/2022 14:51
149,Flin Flon,54.7682,-101.865,40.84,56,20,5.75,overcast clouds,CA,5/21/2022 14:51
150,Kondinskoye,59.6481,67.41,46.99,81,100,12.24,clear sky,RU,5/21/2022 14:51
151,Coihaique,-45.5752,-72.0662,38.01,100,100,3.44,shower rain,CL,5/21/2022 14:48
152,Ekhabi,53.5102,142.9671,32.85,99,100,12.66,clear sky,RU,5/21/2022 14:51
153,Esperance,-33.8667,121.9,64.2,63,77,10.89,clear sky,AU,5/21/2022 14:51
154,Ballina,-28.8667,153.5667,59.77,80,100,11.01,overcast clouds,AU,5/21/2022 14:51
155,Bubaque,11.2833,-15.8333,78.85,78,83,12.66,overcast clouds,GW,5/21/2022 14:51
156,Petropavlovsk-Kamchatskiy,53.0452,158.6483,37.99,100,100,4.47,few clouds,RU,5/21/2022 14:51
157,Kenora,49.8167,-94.4337,36.57,87,100,6.91,broken clouds,CA,5/21/2022 14:51
158,Butaritari,3.0707,172.7902,80.46,80,35,11.12,light intensity drizzle rain,KI,5/21/2022 14:50
159,Cherskiy,68.75,161.3,48.38,62,100,10.89,overcast clouds,RU,5/21/2022 14:51
160,Ukiah,39.1502,-123.2078,60.96,66,0,0,clear sky,US,5/21/2022 14:51
161,Vostok,46.4856,135.8833,49.69,98,100,1.63,shower rain,RU,5/21/2022 14:51
162,Saint George,37.1041,-113.5841,61.43,20,0,5.75,clear sky,US,5/21/2022 14:51
163,Sibolga,1.7427,98.7792,77.74,89,68,2.71,clear sky,ID,5/21/2022 14:51
164,Provideniya,64.3833,-173.3,40.95,69,91,11.72,overcast clouds,RU,5/21/2022 14:51
165,Rock Sound,24.9,-76.2,79.65,86,67,14.36,overcast clouds,BS,5/21/2022 14:51
166,Loughton,52.0304,-0.7864,67.55,56,75,9.22,few clouds,GB,5/21/2022 14:51
167,Qaanaaq,77.484,-69.3632,18.7,89,100,3.53,broken clouds,GL,5/21/2022 14:51
168,Khani,41.9563,42.9566,62.17,64,17,3,light intensity drizzle rain,GE,5/21/2022 14:51
169,Altamont,42.2068,-121.7372,45.9,64,0,5.75,overcast clouds,US,5/21/2022 14:51
170,Sulecin,52.4443,15.1168,65.89,62,40,17.29,clear sky,PL,5/21/2022 14:51
171,Puerto Madryn,-42.7692,-65.0385,59.02,44,99,15.17,shower rain,AR,5/21/2022 14:48
172,Honningsvag,70.9821,25.9704,46.15,66,100,12.66,clear sky,NO,5/21/2022 14:51
173,Zverinogolovskoye,54.4586,64.8542,50.25,72,100,14.54,clear sky,RU,5/21/2022 14:51
174,Zhigansk,66.7697,123.3711,39.09,82,98,6.96,overcast clouds,RU,5/21/2022 14:51
175,Gangtok,27.3333,88.6167,59.31,79,40,3.33,overcast clouds,IN,5/21/2022 14:51
176,Monrovia,6.3005,-10.7969,80.37,81,99,11.86,few clouds,LR,5/21/2022 14:51
177,Kade,52.3833,12.2667,65.08,58,63,15.95,broken clouds,DE,5/21/2022 14:51
178,Mar Del Plata,-38.0023,-57.5575,61.95,58,0,8.05,light intensity drizzle rain,AR,5/21/2022 14:48
179,Salalah,17.0151,54.0924,81.99,84,22,8.52,overcast clouds,OM,5/21/2022 14:51
180,San Carlos,9.6612,-68.5827,90.37,45,2,5.1,clear sky,VE,5/21/2022 14:51
181,Arraias,-12.9288,-46.9437,84.11,26,2,3.53,shower rain,BR,5/21/2022 14:51
182,Qingdao,36.0986,120.3719,65.8,82,0,6.71,clear sky,CN,5/21/2022 14:51
183,Tagusao,9.1924,117.8141,81.54,82,100,4.23,clear sky,PH,5/21/2022 14:51
184,Puerto Carreno,6.189,-67.4859,75.18,94,40,3.44,overcast clouds,CO,5/21/2022 14:51
185,Khatanga,71.9667,102.5,38.52,94,100,7.65,overcast clouds,RU,5/21/2022 14:51
186,Marsa Matruh,31.3525,27.2453,68.16,58,0,14.72,few clouds,EG,5/21/2022 14:51
187,Grand Gaube,-20.0064,57.6608,75.6,81,4,4,broken clouds,MU,5/21/2022 14:51
188,Tigzirt,36.8886,4.1198,79.32,54,6,9.1,light intensity drizzle rain,DZ,5/21/2022 14:51
189,Tucurui,-3.7661,-49.6725,73.2,86,100,2.13,overcast clouds,BR,5/21/2022 14:51
190,Yatou,37.15,122.3833,61.11,80,0,9.01,clear sky,CN,5/21/2022 14:51
191,Polyarnyy,69.1989,33.4478,40.84,79,100,17.38,shower rain,RU,5/21/2022 14:51
192,Calderitas,18.55,-88.25,86.47,71,70,16.42,clear sky,MX,5/21/2022 14:51
193,Lebu,-37.6167,-73.65,54.23,82,73,6.89,clear sky,CL,5/21/2022 14:48
194,Dawei,14.0833,98.2,77.68,93,100,8.05,overcast clouds,MM,5/21/2022 14:51
195,Saldanha,-33.0117,17.9442,64.45,70,16,10.69,overcast clouds,ZA,5/21/2022 14:50
196,Doha,25.2867,51.5333,106.11,17,0,17.27,few clouds,QA,5/21/2022 14:51
197,Charlestown,-32.95,151.6667,58.68,97,83,1.99,broken clouds,AU,5/21/2022 14:51
198,Imbituba,-28.24,-48.6703,66.09,77,0,5.01,light intensity drizzle rain,BR,5/21/2022 14:51
199,Townsend,39.3951,-75.6916,90.12,63,7,7.72,overcast clouds,US,5/21/2022 14:51
200,Sorong,-0.8833,131.25,80.11,82,81,4.72,clear sky,ID,5/21/2022 14:51
201,Batemans Bay,-35.7167,150.1833,56.1,82,99,5.39,shower rain,AU,5/21/2022 14:51
202,Mindelo,16.8901,-24.9804,78.35,53,40,14.97,clear sky,CV,5/21/2022 14:48
203,Grand-Lahou,5.1367,-5.0242,81.12,80,100,12.59,clear sky,CI,5/21/2022 14:51
204,Barentu,15.1139,37.5928,98.2,13,98,12.62,overcast clouds,ER,5/21/2022 14:51
205,Talnakh,69.4865,88.3972,45.21,99,100,4.21,overcast clouds,RU,5/21/2022 14:51
206,Mackay,-21.15,149.2,68.16,87,100,16.44,few clouds,AU,5/21/2022 14:48
207,Enshi,30.3,109.4833,66.63,85,100,4.14,broken clouds,CN,5/21/2022 14:51
208,Moerai,-22.4333,-151.3333,76.95,72,2,5.12,light intensity drizzle rain,PF,5/21/2022 14:51
209,Caravelas,-17.7125,-39.2481,77.9,53,0,8.88,overcast clouds,BR,5/21/2022 14:51
210,Mae Sai,20.4335,99.8762,72.37,99,100,1.57,clear sky,TH,5/21/2022 14:51
211,Shimanovsk,52,127.7,47.19,74,20,3.74,shower rain,RU,5/21/2022 14:51
212,Iqaluit,63.7506,-68.5145,33.53,80,100,10.36,clear sky,CA,5/21/2022 14:51
213,Flekkefjord,58.2971,6.6607,55.94,57,15,12.77,clear sky,NO,5/21/2022 14:51
214,Bengkulu,-3.8004,102.2655,78.13,85,99,2.73,overcast clouds,ID,5/21/2022 14:49
215,San Cristobal,7.7669,-72.225,71.78,41,14,9.42,overcast clouds,VE,5/21/2022 14:51
216,Kolpashevo,58.3131,82.9089,48.4,78,87,1.86,few clouds,RU,5/21/2022 14:51
217,Katsuura,35.1333,140.3,60.35,93,100,8.84,broken clouds,JP,5/21/2022 14:51
218,Nador,35.174,-2.9287,80.67,88,100,6.91,light intensity drizzle rain,MA,5/21/2022 14:51
219,Kabinda,-6.1333,24.4833,82.87,50,100,2.46,overcast clouds,CD,5/21/2022 14:51
220,Hirara,24.8,125.2833,76.14,78,36,14.05,clear sky,JP,5/21/2022 14:51
221,Ciudad Guayana,8.3533,-62.6528,91.35,37,75,10.22,shower rain,VE,5/21/2022 14:51
222,Tautira,-17.7333,-149.15,79.05,73,16,11.39,clear sky,PF,5/21/2022 14:51
223,Maketu,-37.7667,176.45,59.05,73,3,14.92,clear sky,NZ,5/21/2022 14:51
224,Carballo,43.213,-8.691,81.82,79,100,2.64,overcast clouds,ES,5/21/2022 14:51
225,San Quintin,30.4833,-115.95,60.26,67,60,6.82,overcast clouds,MX,5/21/2022 14:51
226,Ixtapa,20.7,-105.2,79.23,58,0,1.01,few clouds,MX,5/21/2022 14:52
227,Tiksi,71.6872,128.8694,29.71,89,95,4.25,broken clouds,RU,5/21/2022 14:52
228,Bastia,42.6667,9.3333,84,77,0,8.05,light intensity drizzle rain,FR,5/21/2022 14:52
229,Coquimbo,-29.9533,-71.3436,56.93,71,0,2.3,overcast clouds,CL,5/21/2022 14:52
230,Svetlaya,46.5389,138.3297,46.04,98,100,3.27,clear sky,RU,5/21/2022 14:52
231,Benguela,-12.5763,13.4055,78.85,59,45,5.61,shower rain,AO,5/21/2022 14:47
232,Idrinskoye,54.3708,92.1358,62.53,52,87,2.3,clear sky,RU,5/21/2022 14:52
233,Harlingen,26.1906,-97.6961,86.09,100,22,18.66,clear sky,US,5/21/2022 14:52
234,Trincomalee,8.5711,81.2335,83.53,73,25,20.47,overcast clouds,LK,5/21/2022 14:52
235,Kiboga,0.9161,31.7742,70.77,72,100,4.21,overcast clouds,UG,5/21/2022 14:52
236,Caraballeda,10.6112,-66.8522,89.85,54,17,12.68,few clouds,VE,5/21/2022 14:52
237,Ilhabela,-23.7781,-45.3581,69.94,64,0,3.94,broken clouds,BR,5/21/2022 14:52
238,Porbandar,21.6422,69.6093,83.32,82,3,20.09,light intensity drizzle rain,IN,5/21/2022 14:52
239,Garhakota,23.7667,79.15,98.62,14,2,8.9,overcast clouds,IN,5/21/2022 14:52
240,Dudinka,69.4058,86.1778,45.63,99,100,5.06,clear sky,RU,5/21/2022 14:52
241,Lagos,6.5833,3.75,77.32,73,100,7.36,shower rain,NG,5/21/2022 14:49
242,Acarau,-2.8856,-40.12,84.4,67,14,7.2,clear sky,BR,5/21/2022 14:52
243,Bara,10.3744,10.7288,94.78,23,75,8.93,clear sky,NG,5/21/2022 14:50
244,Taywarah,33.35,64.4167,58.8,18,0,11.3,overcast clouds,AF,5/21/2022 14:52
245,Mancio Lima,-7.6142,-72.8958,78.87,78,0,2.3,overcast clouds,BR,5/21/2022 14:52
246,Sorland,67.667,12.6934,46.26,88,46,8.61,few clouds,NO,5/21/2022 14:52
247,Fortuna,40.5982,-124.1573,48.92,90,100,4.61,broken clouds,US,5/21/2022 14:52
248,Aklavik,68.2191,-135.0107,32,93,100,10.36,light intensity drizzle rain,CA,5/21/2022 14:52
249,Orotukan,62.2667,151.7,31.8,94,88,5.35,overcast clouds,RU,5/21/2022 14:52
250,Asyut,27.181,31.1837,86.85,15,100,16.58,clear sky,EG,5/21/2022 14:52
251,Anloga,5.7947,0.8973,82.24,75,98,14.07,shower rain,GH,5/21/2022 14:52
252,Coahuayana,18.7333,-103.6833,82.45,59,6,3.47,clear sky,MX,5/21/2022 14:52
253,Serebryansk,49.6925,83.2892,65.61,52,82,1.57,clear sky,KZ,5/21/2022 14:52
254,Agaro,7.85,36.65,75,56,97,6.82,overcast clouds,ET,5/21/2022 14:52
255,Villa Corzo,16.1667,-93.25,80.78,52,100,3.67,overcast clouds,MX,5/21/2022 14:52
256,Kaitangata,-46.2817,169.8464,44.98,92,99,13.49,few clouds,NZ,5/21/2022 14:52
257,Berlevag,70.8578,29.0864,42.75,70,100,10.36,broken clouds,NO,5/21/2022 14:50
258,Pinheiro Machado,-31.5783,-53.3811,57.09,58,14,5.7,light intensity drizzle rain,BR,5/21/2022 14:52
259,Louis Trichardt,-23.0439,29.9032,66.07,54,85,5.17,overcast clouds,ZA,5/21/2022 14:52
260,Dossor,47.5272,52.9811,58.51,28,58,20.94,clear sky,KZ,5/21/2022 14:52
261,Hualmay,-11.0964,-77.6139,67.91,78,42,8.59,shower rain,PE,5/21/2022 14:52
262,Ray,23.6833,85.05,94.69,19,77,2.73,clear sky,IN,5/21/2022 14:52
263,Along,28.1667,94.7667,70.39,95,100,1.88,clear sky,IN,5/21/2022 14:52
264,Otradnoye,59.7775,30.8181,54.03,40,5,11.86,overcast clouds,RU,5/21/2022 14:52
265,Sars,56.5502,57.1366,41.56,68,100,12.06,overcast clouds,RU,5/21/2022 14:52
266,Tynda,55.1667,124.7167,37.69,82,100,3.58,few clouds,RU,5/21/2022 14:52
267,Inhambane,-23.865,35.3833,78.78,94,75,12.66,broken clouds,MZ,5/21/2022 14:52
268,Umm Bab,25.2142,50.8072,86.79,50,0,19.3,light intensity drizzle rain,QA,5/21/2022 14:52
269,Cairns,-16.9167,145.7667,75.15,83,100,6.91,overcast clouds,AU,5/21/2022 14:47
270,Kardla,58.9978,22.7492,57.06,69,100,21.12,clear sky,EE,5/21/2022 14:52
271,Henties Bay,-22.116,14.2845,60.89,58,34,13.4,shower rain,NA,5/21/2022 14:52
272,Novikovo,51.1537,37.8879,50.7,90,100,12.62,clear sky,RU,5/21/2022 14:52
273,Port Elizabeth,-33.918,25.5701,63.32,76,0,8.05,clear sky,ZA,5/21/2022 14:52
274,Kavieng,-2.5744,150.7967,82.54,73,95,11.99,overcast clouds,PG,5/21/2022 14:52
275,Lata,40.1629,-8.3327,83.48,39,100,6.08,overcast clouds,PT,5/21/2022 14:52
276,Pauini,-7.7136,-66.9764,85.01,52,0,0.27,few clouds,BR,5/21/2022 14:52
277,Noyabrsk,63.1994,75.4507,39.87,78,100,3.78,broken clouds,RU,5/21/2022 14:52
278,Norfolk,42.1668,-71.2495,70.79,94,100,3.44,light intensity drizzle rain,US,5/21/2022 14:49
279,Bonavista,48.6499,-53.1147,48.54,63,5,3.94,overcast clouds,CA,5/21/2022 14:52
280,Yabelo,4.8833,38.0833,67.77,67,100,2.89,clear sky,ET,5/21/2022 14:52
281,Darhan,49.4867,105.9228,58.17,73,98,11.23,shower rain,MN,5/21/2022 14:52
282,Kargasok,59.0556,80.8572,48.56,79,100,2.66,clear sky,RU,5/21/2022 14:52
283,Farafangana,-22.8167,47.8333,70.84,79,2,4.68,clear sky,MG,5/21/2022 14:52
284,Tazmalt,36.3868,4.3989,90.86,20,2,1.41,overcast clouds,DZ,5/21/2022 14:52
285,Paamiut,61.994,-49.6678,37.44,72,84,6.44,overcast clouds,GL,5/21/2022 14:52
286,Glarus,47.0406,9.068,76.66,79,99,5.06,few clouds,CH,5/21/2022 14:52
287,Fayaoue,-20.65,166.5333,76.53,88,91,30.29,broken clouds,NC,5/21/2022 14:52
288,Londiani,-0.165,35.5909,60.15,80,100,1.61,light intensity drizzle rain,KE,5/21/2022 14:52
289,Broome,42.2506,-75.833,84.2,64,2,11.01,overcast clouds,US,5/21/2022 14:52
290,Lulea,65.5842,22.1547,53.67,47,0,11.5,clear sky,SE,5/21/2022 14:52
291,Wagar,16.1525,36.2032,106.09,12,62,3.76,shower rain,SD,5/21/2022 14:52
292,Arauca,7.0847,-70.7591,82.4,83,40,5.75,clear sky,CO,5/21/2022 14:52
293,Palana,59.1167,159.9667,35.65,90,100,7.76,clear sky,RU,5/21/2022 14:52
294,Manggar,-2.8833,108.2667,80.87,79,87,3.98,overcast clouds,ID,5/21/2022 14:52
295,Okhotsk,59.3833,143.3,33.87,99,100,2.59,overcast clouds,RU,5/21/2022 14:52
296,Quatre Cocos,-20.2078,57.7625,75.31,74,13,17.6,few clouds,MU,5/21/2022 14:52
297,Cabo San Lucas,22.8909,-109.9124,76.6,70,0,1.01,broken clouds,MX,5/21/2022 14:47
298,Norman Wells,65.282,-126.8329,42.84,93,100,8.05,light intensity drizzle rain,CA,5/21/2022 14:50
299,Udachnyy,66.4167,112.4,41.5,81,65,7.47,overcast clouds,RU,5/21/2022 14:52
300,Bulawayo,-20.15,28.5833,69.06,33,20,9.51,clear sky,ZW,5/21/2022 14:52
301,Oussouye,12.485,-16.5469,91.58,42,100,11.63,shower rain,SN,5/21/2022 14:52
302,Barsovo,61.1667,73.1667,44.73,78,86,7.52,clear sky,RU,5/21/2022 14:52
303,Raha,26.2333,92.5167,73.49,92,32,4.03,clear sky,IN,5/21/2022 14:52
304,Redcliffe,-27.2307,153.0973,62.89,94,100,8.05,overcast clouds,AU,5/21/2022 14:52
305,Baoshan,46.5586,131.4244,52.23,89,100,5.14,overcast clouds,CN,5/21/2022 14:52
306,Raudeberg,61.9875,5.1352,52.47,84,100,11.77,few clouds,NO,5/21/2022 14:52
307,Pacific Grove,36.6177,-121.9166,57.88,90,40,5.75,broken clouds,US,5/21/2022 14:51
308,Rocha,-34.4833,-54.3333,61.25,60,89,7.11,light intensity drizzle rain,UY,5/21/2022 14:52
309,Akyab,20.15,92.9,83.53,82,25,5.7,overcast clouds,MM,5/21/2022 14:52
310,Diego De Almagro,-26.3667,-70.05,71.71,20,2,2.84,clear sky,CL,5/21/2022 14:48
311,George,-33.963,22.4617,60.35,55,0,6.91,shower rain,ZA,5/21/2022 14:52
312,Grants Pass,42.439,-123.3284,49.59,75,0,4.61,clear sky,US,5/21/2022 14:52
313,Revda,56.801,59.9303,35.11,99,100,11.1,clear sky,RU,5/21/2022 14:52
314,Geraldton,-28.7667,114.6,55.81,94,0,9.22,overcast clouds,AU,5/21/2022 14:52
315,Phan Thiet,10.9333,108.1,80.94,83,99,7.07,overcast clouds,VN,5/21/2022 14:52
316,Pevek,69.7008,170.3133,29.07,88,100,5.41,few clouds,RU,5/21/2022 14:51
317,Tazovskiy,67.4667,78.7,36.18,81,99,2.75,broken clouds,RU,5/21/2022 14:52
318,Hobyo,5.3505,48.5268,81.64,75,70,26.8,light intensity drizzle rain,SO,5/21/2022 14:52
319,Camapua,-19.5314,-54.0439,74.39,28,6,5.46,overcast clouds,BR,5/21/2022 14:52
320,Pedreiras,-4.5688,-44.6003,78.85,75,96,2.66,clear sky,BR,5/21/2022 14:52
321,Ponferrada,42.5466,-6.5962,88.21,38,100,3,shower rain,ES,5/21/2022 14:52
322,Deputatskiy,69.3,139.9,27.36,92,98,1.16,clear sky,RU,5/21/2022 14:50
323,Ilulissat,69.2167,-51.1,34.59,80,100,1.36,clear sky,GL,5/21/2022 14:52
324,Millau,44.0833,2.9167,91.53,29,27,4.63,overcast clouds,FR,5/21/2022 14:52
325,Marana,32.4367,-111.2254,79.93,23,0,4.61,overcast clouds,US,5/21/2022 14:52
326,Trairi,-3.2778,-39.2689,85.05,64,27,7.87,few clouds,BR,5/21/2022 14:49
327,Kununurra,-15.7667,128.7333,69.78,56,6,1.14,broken clouds,AU,5/21/2022 14:52
328,Vicuna,-30.0319,-70.7081,75.78,19,62,4.81,light intensity drizzle rain,CL,5/21/2022 14:52
329,Margate,51.3813,1.3862,65.7,63,79,5.99,overcast clouds,GB,5/21/2022 14:47
330,Maragogi,-9.0122,-35.2225,78.84,85,98,7.47,clear sky,BR,5/21/2022 14:52
331,Thompson,55.7435,-97.8558,35.76,48,20,9.22,shower rain,CA,5/21/2022 14:52
332,Jian,27.1172,114.9793,68.67,84,66,2.08,clear sky,CN,5/21/2022 14:52
333,Port Blair,11.6667,92.75,84.24,84,75,11.5,clear sky,IN,5/21/2022 14:47
334,Upernavik,72.7868,-56.1549,26.01,83,100,11.95,overcast clouds,GL,5/21/2022 14:52
335,Wanning,18.8003,110.3967,78.22,92,76,5.21,overcast clouds,CN,5/21/2022 14:52
336,Marzuq,14.4,46.4667,89.85,15,82,6.44,few clouds,YE,5/21/2022 14:52
337,Anadyr,64.75,177.4833,30.7,92,0,6.71,broken clouds,RU,5/21/2022 14:52
338,Uppsala,60,17.75,56.64,44,0,9.22,light intensity drizzle rain,SE,5/21/2022 14:52
339,Mukhen,48.1,136.1,49.57,96,100,5.64,overcast clouds,RU,5/21/2022 14:52
340,Portland,45.5234,-122.6762,51.96,86,20,5.99,clear sky,US,5/21/2022 14:51
341,Forrest City,35.0081,-90.7898,80.83,71,97,17.63,shower rain,US,5/21/2022 14:52
342,Namibe,-15.1961,12.1522,77.63,61,0,13.8,clear sky,AO,5/21/2022 14:52
343,Am Timan,11.0297,20.2827,94.73,30,94,5.77,clear sky,TD,5/21/2022 14:52
344,Tongliao,43.6125,122.2653,66.7,34,83,9.28,overcast clouds,CN,5/21/2022 14:52
345,Tamisan,6.8437,126.2984,79.09,84,100,2.3,overcast clouds,PH,5/21/2022 14:52
346,Aguachica,8.3084,-73.6166,81.37,74,35,6.46,few clouds,CO,5/21/2022 14:52
347,Narsaq,60.9167,-46.05,46.99,50,19,6.78,broken clouds,GL,5/21/2022 14:52
348,Yantai,37.5333,121.4,68.02,58,23,11.88,light intensity drizzle rain,CN,5/21/2022 14:52
349,Payo,-3.7508,103.6372,76.3,90,96,1.12,overcast clouds,ID,5/21/2022 14:52
350,Guerrero Negro,27.9769,-114.0611,63.55,70,68,5.26,clear sky,MX,5/21/2022 14:52
351,Vigrestad,58.5667,5.7,60.96,77,16,10.83,shower rain,NO,5/21/2022 14:52
352,Kilindoni,-7.9139,39.6668,80.19,72,98,11.61,clear sky,TZ,5/21/2022 14:52
353,Goderich,43.7501,-81.7165,52.12,82,100,5.75,clear sky,CA,5/21/2022 14:52
354,Sinnamary,5.3833,-52.95,79.14,88,80,11.61,overcast clouds,GF,5/21/2022 14:52
355,Manta,-0.95,-80.7333,78.58,78,100,4.61,overcast clouds,EC,5/21/2022 14:52
356,Juneau,58.3019,-134.4197,53.1,92,0,0,few clouds,US,5/21/2022 14:49
357,Banda Aceh,5.5577,95.3222,81.21,81,100,13.6,broken clouds,ID,5/21/2022 14:52
358,Auki,-8.7676,160.7034,76.01,88,57,3.18,light intensity drizzle rain,SB,5/21/2022 14:52
359,Synya,65.3718,58.0387,40.15,62,100,11.05,overcast clouds,RU,5/21/2022 14:52
360,Badulla,6.9895,81.0557,72.84,77,17,5.55,clear sky,LK,5/21/2022 14:52
361,Fiche,9.8,38.7333,73.47,16,67,6.46,shower rain,ET,5/21/2022 14:52
362,Luorong,24.4058,109.6086,68.16,96,100,3.31,clear sky,CN,5/21/2022 14:52
363,Mareeba,-17,145.4333,70.52,90,0,2.68,clear sky,AU,5/21/2022 14:52
364,Kidal,18.4411,1.4078,104.81,9,63,4.03,overcast clouds,ML,5/21/2022 14:52
365,Codrington,-38.2667,141.9667,45.79,92,7,6.69,overcast clouds,AU,5/21/2022 14:52
366,Nanortalik,60.1432,-45.2371,40.19,80,13,6.49,few clouds,GL,5/21/2022 14:52
367,Tuatapere,-46.1333,167.6833,46.09,93,100,11.25,broken clouds,NZ,5/21/2022 14:52
368,Alofi,-19.0595,-169.9187,67.89,94,68,1.14,light intensity drizzle rain,NU,5/21/2022 14:52
369,Usinsk,65.9939,57.5281,39.51,59,100,18.48,overcast clouds,RU,5/21/2022 14:52
370,San Patricio,28.017,-97.5169,87.89,52,12,20.31,clear sky,US,5/21/2022 14:52
371,Payson,40.0444,-111.7321,50.29,32,0,6.91,shower rain,US,5/21/2022 14:52
372,Saint Anthony,45.0205,-93.218,50.25,64,100,10.36,clear sky,US,5/21/2022 14:52
373,Faya,18.3851,42.4509,86.52,22,70,2.37,clear sky,SA,5/21/2022 14:52
374,Olinda,-8.0089,-34.8553,83.93,70,40,13.8,overcast clouds,BR,5/21/2022 14:48
375,Ambulu,-8.345,113.6058,76.82,88,54,2.8,overcast clouds,ID,5/21/2022 14:52
376,Kaduqli,11.0167,29.7167,95.85,32,100,2.06,few clouds,SD,5/21/2022 14:52
377,Matagami,49.7502,-77.6328,46.51,71,40,5.75,broken clouds,CA,5/21/2022 14:52
378,Maniitsoq,65.4167,-52.9,37.18,73,96,9.84,light intensity drizzle rain,GL,5/21/2022 14:52
379,Sao Jose Da Coroa Grande,-8.8978,-35.1478,79.2,84,85,8.59,overcast clouds,BR,5/21/2022 14:52
380,Kirksville,40.1948,-92.5833,49.57,88,100,9.22,clear sky,US,5/21/2022 14:52
381,Korla,41.7597,86.1469,80.44,8,100,8.52,shower rain,CN,5/21/2022 14:52
382,Maunabo,18.0072,-65.8993,88.47,76,98,11.3,clear sky,PR,5/21/2022 14:52
383,Watrous,51.6668,-105.4679,38.98,70,75,8.05,clear sky,CA,5/21/2022 14:52
384,Burnie,-41.0667,145.9167,45.95,92,3,3.94,overcast clouds,AU,5/21/2022 14:52
385,Skibbereen,51.55,-9.2667,57.11,79,71,14.09,overcast clouds,IE,5/21/2022 14:52
386,Togur,58.3631,82.8265,48.85,77,92,1.7,few clouds,RU,5/21/2022 14:52
387,Havoysund,70.9963,24.6622,46.63,79,77,1.68,broken clouds,NO,5/21/2022 14:52
388,Mount Gambier,-37.8333,140.7667,44.51,100,7,0,light intensity drizzle rain,AU,5/21/2022 14:52
389,Bolitoc,15.7395,119.8769,79.3,83,96,5.19,overcast clouds,PH,5/21/2022 14:52
390,Juba,4.8517,31.5825,86.56,50,99,7.78,clear sky,SS,5/21/2022 14:52
391,Brownsville,25.9018,-97.4975,85.95,79,20,18.41,shower rain,US,5/21/2022 14:50
392,Hailar,49.2,119.7,55.74,36,57,9.1,clear sky,CN,5/21/2022 14:52
393,Champerico,14.3,-91.9167,79.34,73,63,3.4,clear sky,GT,5/21/2022 14:52
394,Tongzi,28.7829,105.0877,65.05,88,100,1.79,overcast clouds,CN,5/21/2022 14:52
395,Nome,64.5011,-165.4064,57.27,39,100,14.97,overcast clouds,US,5/21/2022 14:52
396,Jingdezhen,29.2947,117.2079,66.79,92,99,1.39,few clouds,CN,5/21/2022 14:52
397,Samarai,-10.6167,150.6667,81.27,78,22,6.96,broken clouds,PG,5/21/2022 14:52
398,Kristiansund,63.1115,7.732,51.85,93,75,9.22,light intensity drizzle rain,NO,5/21/2022 14:52
399,Praxedis Guerrero,31.3667,-106.0167,73.72,21,0,4.99,overcast clouds,MX,5/21/2022 14:52
400,Kruisfontein,-34.0033,24.7314,57.58,77,29,4.9,clear sky,ZA,5/21/2022 14:52
401,Wenchi,7.7392,-2.1046,69.84,96,100,4.05,shower rain,GH,5/21/2022 14:52
402,Imeni Poliny Osipenko,52.4201,136.4853,38.37,95,100,13.58,clear sky,RU,5/21/2022 14:52
403,Cantanhede,-3.6333,-44.3767,76.23,88,96,3.44,clear sky,BR,5/21/2022 14:52
404,Vagur,61.4732,-6.8119,48.67,89,98,16.04,overcast clouds,FO,5/21/2022 14:52
405,Trofors,65.5333,13.4063,66.07,51,71,5.88,overcast clouds,NO,5/21/2022 14:52
406,Mandalgovi,45.7625,106.2708,69.49,23,98,7.43,few clouds,MN,5/21/2022 14:52
407,Ancud,-41.8697,-73.8203,53.53,93,100,22.84,broken clouds,CL,5/21/2022 14:49
408,Haapiti,-17.5667,-149.8667,73.13,71,4,7.54,light intensity drizzle rain,PF,5/21/2022 14:52
409,Saint-Augustin,51.226,-58.6502,50.52,52,100,15.39,overcast clouds,CA,5/21/2022 14:52
410,Koregaon,18.65,74.0833,79.54,58,11,19.48,clear sky,IN,5/21/2022 14:52
411,Axim,4.8699,-2.2405,77.9,88,100,11.61,shower rain,GH,5/21/2022 14:52
412,Peniche,39.3558,-9.3811,79.45,72,88,22.55,clear sky,PT,5/21/2022 14:52
413,Suicheng,33.8963,117.9331,72.68,38,94,6.58,clear sky,CN,5/21/2022 14:52
414,Yura,-16.2522,-71.6797,63.12,20,0,2.3,overcast clouds,PE,5/21/2022 14:52
415,Inta,66.0317,60.1659,41.22,57,100,15.05,overcast clouds,RU,5/21/2022 14:52
416,Pribinic,44.6106,17.6906,82.81,55,84,9.53,few clouds,BA,5/21/2022 14:52
417,Sept-Iles,50.2001,-66.3821,47.05,87,100,9.22,broken clouds,CA,5/21/2022 14:48
418,Siilinjarvi,63.0833,27.6667,55.42,41,0,6.91,light intensity drizzle rain,FI,5/21/2022 14:52
419,Sikasso,10.9167,-7,100.69,24,40,5.66,overcast clouds,ML,5/21/2022 14:52
420,Bereda,43.2686,-7.5406,86.45,30,100,6.64,clear sky,ES,5/21/2022 14:52
421,Omsukchan,62.5333,155.8,30.51,99,100,5.75,shower rain,RU,5/21/2022 14:52
422,Bonfim,3.0833,-59.95,73.33,95,100,6.08,clear sky,BR,5/21/2022 14:52
423,Wolgast,54.05,13.7667,61.86,67,36,20.49,clear sky,DE,5/21/2022 14:52
424,Topolobampo,25.6,-109.05,75.52,62,0,7.31,overcast clouds,MX,5/21/2022 14:52
425,Smolenka,52.1352,113.4974,57.27,47,76,8.95,overcast clouds,RU,5/21/2022 14:52
426,Kirovsk,48.6375,38.6428,57.88,96,100,4.09,few clouds,UA,5/21/2022 14:52
427,Chuy,-33.6971,-53.4616,59.49,61,92,8.57,broken clouds,UY,5/21/2022 14:52
428,Abnub,27.2696,31.1511,86.9,14,100,15.93,light intensity drizzle rain,EG,5/21/2022 14:52
429,Victor Harbor,-35.5667,138.6167,53.67,85,11,7.18,overcast clouds,AU,5/21/2022 14:52
430,Acapulco,16.8634,-99.8901,81.48,62,77,0.92,clear sky,MX,5/21/2022 14:47
431,Mercedes,-34.6515,-59.4307,66.85,34,0,5.88,shower rain,AR,5/21/2022 14:52
432,Polunochnoye,60.8697,60.4153,37.24,87,100,7.61,clear sky,RU,5/21/2022 14:52
433,Ulladulla,-35.35,150.4667,56.3,85,100,3.42,clear sky,AU,5/21/2022 14:52
434,Nouadhibou,20.931,-17.0347,76.98,61,5,18.41,overcast clouds,MR,5/21/2022 14:52
435,Yenagoa,4.9247,6.2642,83.64,76,100,3.31,overcast clouds,NG,5/21/2022 14:52
436,Ossora,59.2353,163.0719,35.08,97,100,1.59,few clouds,RU,5/21/2022 14:52
437,Guanica,17.9716,-66.908,88.52,64,75,5.01,broken clouds,PR,5/21/2022 14:52
438,Aripuana,-9.1667,-60.6333,84.51,42,6,1.39,light intensity drizzle rain,BR,5/21/2022 14:52
439,Kodinsk,58.6881,99.1844,47.8,85,32,3.58,overcast clouds,RU,5/21/2022 14:52
440,Limenaria,40.6261,24.5786,75.94,62,23,7.16,clear sky,GR,5/21/2022 14:52
441,Westport,41.1415,-73.3579,79.36,94,100,5.23,shower rain,US,5/21/2022 14:52
442,Tyazhinskiy,56.116,88.524,52.99,60,81,3.87,clear sky,RU,5/21/2022 14:53
443,Kalamnuri,19.6667,77.3333,98.69,19,66,11.74,clear sky,IN,5/21/2022 14:53
444,Aketi,2.7388,23.7833,76.05,79,94,3.56,overcast clouds,CD,5/21/2022 14:53
445,Leopold,-38.1833,144.4667,50.83,92,0,4.61,overcast clouds,AU,5/21/2022 14:53
446,Santa Maria,-29.6842,-53.8069,60.1,67,20,2.3,few clouds,BR,5/21/2022 14:53
447,Richards Bay,-28.783,32.0377,63.14,87,100,20.67,broken clouds,ZA,5/21/2022 14:53
448,Clyde River,70.4692,-68.5914,23.23,86,100,8.05,light intensity drizzle rain,CA,5/21/2022 14:50
449,Mao,39.8885,4.2658,77.56,61,0,6.91,overcast clouds,ES,5/21/2022 14:53
450,Jumla,29.2747,82.1838,53.94,87,99,6.89,clear sky,NP,5/21/2022 14:53
451,Guantanamo,20.1444,-75.2092,85.46,50,80,6.78,shower rain,CU,5/21/2022 14:53
452,Tabuk,17.4189,121.4443,75.09,91,89,2.33,clear sky,PH,5/21/2022 14:53
453,Saint-Pierre,-21.3393,55.4781,76.68,73,0,13.8,clear sky,RE,5/21/2022 14:53
454,Naze,28.3667,129.4833,68.92,85,63,11.45,overcast clouds,JP,5/21/2022 14:53
455,Nuuk,64.1835,-51.7216,37.96,69,48,7.72,overcast clouds,GL,5/21/2022 14:53
456,Caxito,-8.5785,13.6643,82.42,62,6,7.47,few clouds,AO,5/21/2022 14:53
457,Boyolangu,-8.1181,111.8935,75.51,92,100,2.71,broken clouds,ID,5/21/2022 14:53
458,Mulege,26.8833,-111.9833,75.51,33,1,2.06,light intensity drizzle rain,MX,5/21/2022 14:53
459,Borogontsy,62.6683,131.1683,40.91,89,91,4.5,overcast clouds,RU,5/21/2022 14:53
460,Wuxue,29.8506,115.5525,68.67,77,99,1.19,clear sky,CN,5/21/2022 14:53
461,Weihai,37.5017,122.1136,64.04,69,3,11.99,shower rain,CN,5/21/2022 14:53
462,Turinsk,58.0458,63.696,42.03,96,100,12.64,clear sky,RU,5/21/2022 14:53
463,Laguna,38.421,-121.4238,70.09,39,20,1.99,clear sky,US,5/21/2022 14:53
464,Port Lincoln,-34.7333,135.8667,58.68,80,0,14.81,overcast clouds,AU,5/21/2022 14:53
465,Shakawe,-18.3667,21.85,70.3,11,1,6.2,overcast clouds,BW,5/21/2022 14:53
466,Quang Ngai,15.1167,108.8,78.15,88,100,2.64,few clouds,VN,5/21/2022 14:53
467,Kandiari,26.9156,68.5216,105.13,3,0,9.53,broken clouds,PK,5/21/2022 14:53
468,Sur,22.5667,59.5289,94.53,47,2,7.9,light intensity drizzle rain,OM,5/21/2022 14:53
469,Kuala Terengganu,5.3302,103.1408,84.15,89,20,3.44,overcast clouds,MY,5/21/2022 14:53
470,Rockhampton,-23.3833,150.5,66.09,82,100,9.22,clear sky,AU,5/21/2022 14:53
471,Haines Junction,60.7522,-137.5108,42.71,59,5,1.83,shower rain,CA,5/21/2022 14:53
472,Ginda,30.6945,78.4932,59.2,64,69,8.08,clear sky,IN,5/21/2022 14:53
473,Keti Bandar,24.1447,67.4497,82.92,86,1,24.16,clear sky,PK,5/21/2022 14:53
474,Lindsay,36.203,-119.0882,68,47,0,2.75,overcast clouds,US,5/21/2022 14:53
475,Boquete,8.7833,-82.4333,67.6,81,91,2.28,overcast clouds,PA,5/21/2022 14:53
476,San Lorenzo,-25.3333,-57.5333,65.59,55,0,7,few clouds,PY,5/21/2022 14:53
477,Toledo,39.8333,-4,92.32,13,100,16.96,broken clouds,ES,5/21/2022 14:49
478,Blind River,46.1834,-82.9582,55.51,75,52,9.95,light intensity drizzle rain,CA,5/21/2022 14:53
479,Kenai,60.5544,-151.2583,45.14,74,0,4.61,overcast clouds,US,5/21/2022 14:53
480,Brasov,45.75,25.3333,77.36,55,95,12.08,clear sky,RO,5/21/2022 14:53
481,Lebanon,36.2081,-86.2911,84.18,73,2,10.89,shower rain,US,5/21/2022 14:49
482,Obo,5.3998,26.4869,76.59,74,100,3.76,clear sky,CF,5/21/2022 14:53
483,Hasaki,35.7333,140.8333,61.29,83,100,8.48,clear sky,JP,5/21/2022 14:53
484,Handan,36.6006,114.4678,78.15,26,30,7.85,overcast clouds,CN,5/21/2022 14:53
485,Zhezkazgan,47.8043,67.7144,66.18,45,75,31.32,overcast clouds,KZ,5/21/2022 14:52
486,Hervey Bay,-25.2986,152.8535,67.41,88,100,21.18,few clouds,AU,5/21/2022 14:53
487,Ullapool,57.8987,-5.1604,55.35,66,72,17.34,broken clouds,GB,5/21/2022 14:53
488,Meulaboh,4.1363,96.1285,80.26,82,100,2.77,light intensity drizzle rain,ID,5/21/2022 14:53
489,Bamberg,49.8795,10.8863,69.17,59,84,10.94,overcast clouds,DE,5/21/2022 14:53
490,Sumbe,-11.2061,13.8437,77.2,68,100,9.19,clear sky,AO,5/21/2022 14:53
491,Alyangula,-13.8483,136.4192,77.79,77,0,10.2,shower rain,AU,5/21/2022 14:53
492,Xuddur,4.1213,43.8894,83.48,51,100,14.52,clear sky,SO,5/21/2022 14:53
493,Gotsu,35,132.2167,59.5,83,0,5.55,clear sky,JP,5/21/2022 14:53
494,Tomatlan,19.9333,-105.25,81.91,41,0,1.45,overcast clouds,MX,5/21/2022 14:53
495,Kvitok,56.0724,98.4813,53.64,90,100,4.34,overcast clouds,RU,5/21/2022 14:53
496,Ranau,5.9538,116.6641,70.38,97,99,1.01,few clouds,MY,5/21/2022 14:53
497,Constitucion,-35.3333,-72.4167,57.49,57,27,4.99,broken clouds,CL,5/21/2022 14:53
498,Beloha,-25.1667,45.05,73.94,51,64,7.74,light intensity drizzle rain,MG,5/21/2022 14:53
499,Narwar,25.65,77.9,95.22,20,65,6.22,overcast clouds,IN,5/21/2022 14:53
500,Impfondo,1.6381,18.0667,85.41,54,95,0.85,clear sky,CG,5/21/2022 14:53
501,Tsarychanka,48.937,34.4786,64.76,84,100,9.75,shower rain,UA,5/21/2022 14:53
502,Kousseri,12.0769,15.0306,106.74,7,55,11.34,clear sky,CM,5/21/2022 14:51
503,Chama,47.1821,8.4636,78.6,55,40,4.61,clear sky,CH,5/21/2022 14:53
504,Dingle,10.9995,122.6711,78.6,84,72,2.91,overcast clouds,PH,5/21/2022 14:53
505,Rehoboth,-23.3167,17.0833,57.96,21,0,13.33,overcast clouds,NA,5/21/2022 14:53
506,Basco,20.4487,121.9702,80.08,79,34,12.82,few clouds,PH,5/21/2022 14:53
507,Qaqortoq,60.7167,-46.0333,41.18,70,16,8.9,broken clouds,GL,5/21/2022 14:53
508,Roald,62.5833,6.1333,54.34,87,75,4.61,light intensity drizzle rain,NO,5/21/2022 14:53
509,Lithakia,37.7167,20.8333,78.17,68,3,11.12,overcast clouds,GR,5/21/2022 14:53
510,San Juan Bautista,-14.0108,-75.7358,72.82,52,81,3.49,clear sky,PE,5/21/2022 14:53
511,Jizan,17.3333,42.6667,94.14,36,63,10.09,shower rain,SA,5/21/2022 14:53
512,Viedma,-40.8135,-62.9967,59.56,40,63,9.93,clear sky,AR,5/21/2022 14:50
513,Comodoro Rivadavia,-45.8667,-67.5,49.86,46,0,6.91,clear sky,AR,5/21/2022 14:51
514,Flinders,-34.5833,150.8552,58.17,92,100,1.99,overcast clouds,AU,5/21/2022 14:53
515,Bandarbeyla,9.4942,50.8122,81.55,80,97,25.88,overcast clouds,SO,5/21/2022 14:53
516,Davila,18.4726,120.5763,80.15,81,100,4.56,few clouds,PH,5/21/2022 14:53
517,Xinzhi,36.4989,111.7047,75.33,35,100,3.33,broken clouds,CN,5/21/2022 14:53
518,Mogadishu,2.0371,45.3438,85.87,70,20,17.27,light intensity drizzle rain,SO,5/21/2022 14:49
519,Yumen,40.2833,97.2,67.64,32,2,25.46,overcast clouds,CN,5/21/2022 14:53
520,Vila Franca Do Campo,37.7167,-25.4333,66.61,94,99,5.48,clear sky,PT,5/21/2022 14:52
521,Tessalit,20.1986,1.0114,101.48,12,82,20.8,shower rain,ML,5/21/2022 14:53
522,Santa Cruz,-17.8,-63.1667,71.65,53,75,16.11,clear sky,BO,5/21/2022 14:49
523,Houma,29.5958,-90.7195,88,81,17,8.01,clear sky,US,5/21/2022 14:53
524,Sitka,57.0531,-135.33,48.09,76,0,0,overcast clouds,US,5/21/2022 14:50
525,Sabzevar,36.2126,57.6819,78.08,34,0,33.38,overcast clouds,IR,5/21/2022 14:53
526,Naron,43.5167,-8.1528,73.67,55,100,6.02,few clouds,ES,5/21/2022 14:53
527,Venustiano Carranza,19.43,-99.0992,75.22,25,0,0.74,broken clouds,MX,5/21/2022 14:53
528,Road Town,18.4167,-64.6167,84.24,65,20,10.36,light intensity drizzle rain,VG,5/21/2022 14:52
529,Krasnoselkup,65.7,82.4667,52.84,55,99,10.38,overcast clouds,RU,5/21/2022 14:53
530,Mangrul Pir,20.3167,77.35,97.3,20,2,17.6,clear sky,IN,5/21/2022 14:53
531,Little Current,45.9793,-81.9248,62.42,79,37,7.09,shower rain,CA,5/21/2022 14:49
532,Dawson Creek,55.7666,-120.2362,35.24,69,0,3.44,clear sky,CA,5/21/2022 14:53
533,Torrevieja,37.9787,-0.6822,89.76,64,90,5.99,clear sky,ES,5/21/2022 14:50
534,Betong,5.7743,101.0723,73.53,93,86,0.16,overcast clouds,TH,5/21/2022 14:53
535,Yar-Sale,66.8333,70.8333,33.06,78,67,16.64,overcast clouds,RU,5/21/2022 14:53
536,North Bend,43.4065,-124.2243,45.16,100,100,3.44,few clouds,US,5/21/2022 14:53
537,Muisne,0.6,-80.0333,80.22,81,100,2.17,broken clouds,EC,5/21/2022 14:53
538,Lac Du Bonnet,50.2536,-96.0612,38.53,76,80,7.83,light intensity drizzle rain,CA,5/21/2022 14:53
539,Seoul,37.5683,126.9778,63.79,82,40,9.22,overcast clouds,KR,5/21/2022 14:49
540,Mehamn,71.0357,27.8492,42.71,90,100,9.53,clear sky,NO,5/21/2022 14:53
541,Ilo,-17.6394,-71.3375,65.26,77,40,6.91,shower rain,PE,5/21/2022 14:53
542,Semnan,35.5729,53.3971,76.84,14,0,13.8,clear sky,IR,5/21/2022 14:53
543,Alta Floresta,-9.8756,-56.0861,85.82,37,0,5.75,clear sky,BR,5/21/2022 14:51
544,Nipawin,53.3668,-104.0009,44.64,53,75,6.91,overcast clouds,CA,5/21/2022 14:53
545,Kristiinankaupunki,62.2743,21.376,54.77,45,83,5.08,overcast clouds,FI,5/21/2022 14:53
546,Itaqui,-29.1253,-56.5531,61.66,62,7,6.89,few clouds,BR,5/21/2022 14:53
547,Gat,31.61,34.7642,82.4,43,100,10.42,broken clouds,IL,5/21/2022 14:53
548,Beckley,37.7782,-81.1882,81.18,71,36,4,light intensity drizzle rain,US,5/21/2022 14:52
549,At-Bashi,41.1702,75.8106,49.8,72,100,3.94,overcast clouds,KG,5/21/2022 14:53
550,Gorin,51.1983,136.6669,41.05,96,100,9.64,clear sky,RU,5/21/2022 14:53
551,Dunedin,-45.8742,170.5036,46.8,71,94,11.99,shower rain,NZ,5/21/2022 14:53
552,Shahr-E Babak,30.1165,55.1186,85.51,9,0,5.5,clear sky,IR,5/21/2022 14:53
553,Jalu,29.0331,21.5482,79.84,20,0,18.81,clear sky,LY,5/21/2022 14:53
554,Yokadouma,3.5167,15.05,83.17,56,97,3.4,overcast clouds,CM,5/21/2022 14:53
555,Urumqi,43.801,87.6005,77.95,18,0,6.71,overcast clouds,CN,5/21/2022 14:53
556,Joao Pinheiro,-17.7425,-46.1725,73.2,27,0,5.44,few clouds,BR,5/21/2022 14:52
557,Kampene,-3.6,26.6667,81.82,65,85,0.98,broken clouds,CD,5/21/2022 14:53
558,Eyl,7.9803,49.8164,83.5,70,99,27.11,light intensity drizzle rain,SO,5/21/2022 14:53
559,Sakakah,29.9697,40.2064,96.37,11,0,20.02,overcast clouds,SA,5/21/2022 14:53
560,Great Falls,47.5002,-111.3008,40.66,68,20,4.61,clear sky,US,5/21/2022 14:53
561,Iranshahr,27.2025,60.6848,109.74,7,0,11.5,shower rain,IR,5/21/2022 14:53
562,Rio Grande,-32.035,-52.0986,66.31,60,74,6.22,clear sky,BR,5/21/2022 14:53
563,Gawan,28.4333,78.35,95,21,99,23.22,clear sky,IN,5/21/2022 14:53
564,Mahibadhoo,3.7833,72.9667,83.61,76,36,11.3,overcast clouds,MV,5/21/2022 14:53
565,Zunyi,27.6867,106.9072,60.39,94,100,3.78,overcast clouds,CN,5/21/2022 14:53
566,Kirensk,57.7853,108.1119,52.65,77,83,3.71,few clouds,RU,5/21/2022 14:53
567,Penha,-26.7694,-48.6458,64.27,63,0,10.36,broken clouds,BR,5/21/2022 14:53
568,Lincoln,40.8,-96.667,49.53,64,100,14.97,light intensity drizzle rain,US,5/21/2022 14:49
569,Lavrentiya,65.5833,-171,33.91,82,97,8.03,overcast clouds,RU,5/21/2022 14:53
570,Narrabri,-30.3167,149.7833,54.52,91,91,3,clear sky,AU,5/21/2022 14:53
571,Quballat,36.5418,9.6633,97.48,9,0,6.11,shower rain,TN,5/21/2022 14:53
572,Grindavik,63.8424,-22.4338,55.35,66,40,24.16,clear sky,IS,5/21/2022 14:53
573,Lexington,37.9887,-84.4777,81.28,70,0,12.66,clear sky,US,5/21/2022 14:52
574,Uruzgan,32.8333,66,75.72,8,0,13.04,overcast clouds,AF,5/21/2022 14:53
575,Gilgit,35.9221,74.3087,74.7,36,35,4.25,overcast clouds,PK,5/21/2022 14:53
576,Katherine,-14.4667,132.2667,75.52,46,40,9.22,few clouds,AU,5/21/2022 14:53
577,Chanasma,23.7167,72.1167,89.44,54,0,21.43,broken clouds,IN,5/21/2022 14:53
578,Belmonte,-15.8631,-38.8828,78.87,53,0,10.96,light intensity drizzle rain,BR,5/21/2022 14:53
579,Proletarsk,46.7031,41.7192,63.88,60,100,22.55,overcast clouds,RU,5/21/2022 14:53
580,Bonthe,7.5264,-12.505,77.74,87,100,15.88,clear sky,SL,5/21/2022 14:53
581,Alindao,5.0267,21.2088,82.24,61,97,3.94,shower rain,CF,5/21/2022 14:53
582,Kupino,54.3663,77.2981,71.8,34,7,10.31,clear sky,RU,5/21/2022 14:53
583,Beringovskiy,63.05,179.3167,31.73,96,88,6.35,clear sky,RU,5/21/2022 14:53
584,Alcantara,-2.4089,-44.4147,86.2,69,46,4.65,overcast clouds,BR,5/21/2022 14:53
585,Nantucket,41.2835,-70.0995,64.54,94,100,10.36,overcast clouds,US,5/21/2022 14:53
586,Nago,26.5881,127.9761,72.03,89,20,8.08,few clouds,JP,5/21/2022 14:53
587,Hami,42.8,93.45,81.07,19,11,6.15,broken clouds,CN,5/21/2022 14:51
588,Shakiso,5.75,38.9167,65.32,90,100,0.89,light intensity drizzle rain,ET,5/21/2022 14:53
589,Bhatkal,13.9667,74.5667,77,86,100,2.71,overcast clouds,IN,5/21/2022 14:53
590,Kingman,35.1894,-114.053,65.55,6,0,8.01,clear sky,US,5/21/2022 14:53
591,Teguldet,57.3064,88.1667,50.86,68,85,3.49,shower rain,RU,5/21/2022 14:53
592,Labuhan,-6.8844,112.2051,79.65,80,97,6.35,clear sky,ID,5/21/2022 14:53
593,Lerwick,60.1545,-1.1494,51.8,75,65,15.48,clear sky,GB,5/21/2022 14:53
594,Mayo,38.8876,-76.5119,92.21,61,0,8.05,overcast clouds,US,5/21/2022 14:53
595,Porto Walter,-8.2686,-72.7439,82.76,57,3,2.75,overcast clouds,BR,5/21/2022 14:53
596,Banamba,13.55,-7.45,102.36,19,63,7.58,few clouds,ML,5/21/2022 14:53
597,General Roca,-39.0333,-67.5833,57.61,32,94,15.41,broken clouds,AR,5/21/2022 14:53
598,Kapuskasing,49.4169,-82.4331,35.69,93,100,10.36,light intensity drizzle rain,CA,5/21/2022 14:53
599,Kholmogory,64.2229,41.656,45.45,33,68,9.26,overcast clouds,RU,5/21/2022 14:53
600,Egvekinot,66.3167,-179.1667,36.77,70,100,7.29,clear sky,RU,5/21/2022 14:53
601,Stepantsevo,56.1314,41.7032,49.59,45,97,7.07,shower rain,RU,5/21/2022 14:53
602,Tura,25.5198,90.2201,72.9,97,16,5.66,clear sky,IN,5/21/2022 14:53
603,Uri,34.0833,74.0333,62.98,66,65,7.85,clear sky,IN,5/21/2022 14:53
604,Abu Samrah,35.3029,37.1841,86.58,10,92,9.93,overcast clouds,SY,5/21/2022 14:53
605,Mezen,65.8522,44.24,37.4,48,53,11.9,overcast clouds,RU,5/21/2022 14:53
606,Kismayo,-0.3582,42.5454,80.49,78,100,10.54,few clouds,SO,5/21/2022 14:53
607,Arman,59.7,150.1667,37.02,97,100,1.83,broken clouds,RU,5/21/2022 14:53
608,Filingue,14.3521,3.3168,103.15,17,75,5.1,light intensity drizzle rain,NE,5/21/2022 14:53
609,Bud,39.447,-86.1758,78.82,78,100,11.14,overcast clouds,US,5/21/2022 14:53
610,Chaman,30.9236,66.4512,79.56,7,0,7.54,clear sky,PK,5/21/2022 14:53
611,Taonan,45.3333,122.7833,61.23,50,37,9.04,shower rain,CN,5/21/2022 14:53
612,Parlakimidi,18.7667,84.0833,87.13,70,100,6.49,clear sky,IN,5/21/2022 14:53
613,Nizhniy Kuranakh,58.8353,125.4869,33.3,95,35,4.32,clear sky,RU,5/21/2022 14:53
614,Young,-32.6833,-57.6333,59.29,63,100,5.75,overcast clouds,UY,5/21/2022 14:53
615,Hambantota,6.1241,81.1185,82.74,89,20,6.91,overcast clouds,LK,5/21/2022 14:53
616,Nyaunglebin,17.95,96.7333,76.48,92,76,5.26,few clouds,MM,5/21/2022 14:53
617,Zapolyarnyy,69.4154,30.8136,47.48,78,99,11.45,broken clouds,RU,5/21/2022 14:53
618,Rapid Valley,44.0625,-103.1463,45.63,57,40,14.97,light intensity drizzle rain,US,5/21/2022 14:53
619,Baoding,38.8511,115.4903,73.58,27,0,5.5,overcast clouds,CN,5/21/2022 14:53
620,Vila Velha,-20.3297,-40.2925,76.95,57,20,14.97,clear sky,BR,5/21/2022 14:52
621,Maceio,-9.6658,-35.7353,83.64,65,75,10.36,shower rain,BR,5/21/2022 14:53
622,Kangaatsiaq,68.3065,-53.4641,31.66,89,100,15.55,clear sky,GL,5/21/2022 14:53
623,Kloulklubed,7.0419,134.2556,82.87,76,70,7.49,clear sky,PW,5/21/2022 14:53
624,Coihueco,-36.6167,-71.8333,39.94,100,75,0,overcast clouds,CL,5/21/2022 14:53
625,Kahului,20.8947,-156.47,73.85,83,0,1.99,overcast clouds,US,5/21/2022 14:49
626,Tifton,31.4505,-83.5085,84.29,71,40,4.61,few clouds,US,5/21/2022 14:53
627,Blythe,33.6103,-114.5964,74.03,44,0,6.22,broken clouds,US,5/21/2022 14:53
628,La Asuncion,11.0333,-63.8628,82.13,83,13,12.66,light intensity drizzle rain,VE,5/21/2022 14:53
629,Taft,31.7471,54.2088,93.15,7,20,18.41,overcast clouds,IR,5/21/2022 14:53
630,Kalemie,-5.9475,29.1947,76.55,66,87,4.81,clear sky,CD,5/21/2022 14:53
631,Altagracia De Orituco,9.8601,-66.3814,86.29,47,29,5.64,shower rain,VE,5/21/2022 14:53
632,Cabedelo,-6.9811,-34.8339,84.87,74,30,12.3,clear sky,BR,5/21/2022 14:53
633,Yarim,14.298,44.3779,70.47,22,81,6.11,clear sky,YE,5/21/2022 14:53
634,Feldkirchen An Der Donau,48.3452,14.0513,74.88,39,20,17.27,overcast clouds,AT,5/21/2022 14:53
635,Mirante Do Paranapanema,-22.2919,-51.9064,67.84,38,0,8.19,overcast clouds,BR,5/21/2022 14:51
636,Cap Malheureux,-19.9842,57.6142,72.46,81,4,4,few clouds,MU,5/21/2022 14:53
637,Manoharpur,27.3,75.95,94.59,15,50,6.04,broken clouds,IN,5/21/2022 14:53
638,Morgan City,29.6994,-91.2068,88,89,100,17.27,light intensity drizzle rain,US,5/21/2022 14:53
639,Brigantine,39.4101,-74.3646,89.2,67,0,8.05,overcast clouds,US,5/21/2022 14:53
640,Nenjiang,49.1833,125.2167,52.99,60,20,3.27,clear sky,CN,5/21/2022 14:53
641,Khlevnoye,52.1951,39.0932,53.62,78,98,6.91,shower rain,RU,5/21/2022 14:53
642,Peleduy,59.6289,112.7406,49.84,80,100,3.96,clear sky,RU,5/21/2022 14:54
643,Macomb,40.4592,-90.6718,55.02,82,100,11.5,clear sky,US,5/21/2022 14:49
644,Asfi,32.2994,-9.2372,69.4,76,20,15.79,overcast clouds,MA,5/21/2022 14:54
645,Port Hope,43.9408,-82.7127,63.21,37,100,0,overcast clouds,US,5/21/2022 14:54
646,Gizo,-8.103,156.8419,82.04,75,13,7.34,few clouds,SB,5/21/2022 14:54
647,Dharchula,29.85,80.5333,71.01,45,80,7.05,broken clouds,IN,5/21/2022 14:54
648,Moroni,-11.7022,43.2551,79.47,75,66,4.43,light intensity drizzle rain,KM,5/21/2022 14:54
649,Olafsvik,64.8945,-23.7142,46.94,80,70,15.03,overcast clouds,IS,5/21/2022 14:54
650,Fort-Shevchenko,44.5086,50.263,58.21,83,100,7.94,clear sky,KZ,5/21/2022 14:54
651,Tulun,54.5611,100.5792,56.48,67,100,1.79,shower rain,RU,5/21/2022 14:54
652,Xai-Xai,-25.0519,33.6442,70,87,94,16.49,clear sky,MZ,5/21/2022 14:54
653,Celestun,20.8667,-90.4,85.53,67,67,13.47,clear sky,MX,5/21/2022 14:54
654,Andenes,69.3143,16.1194,48.18,93,100,4.61,overcast clouds,NO,5/21/2022 14:54
655,Sao Filipe,14.8961,-24.4956,72.95,78,92,10.96,overcast clouds,CV,5/21/2022 14:54
656,Palmer,42.1584,-72.3287,71.89,82,100,5.75,few clouds,US,5/21/2022 14:52
657,Kalyazin,57.2403,37.8433,49.46,57,50,11.97,broken clouds,RU,5/21/2022 14:54
658,Minab,27.1467,57.0801,100.72,25,0,4.61,light intensity drizzle rain,IR,5/21/2022 14:54
659,Severo-Yeniseyskiy,60.3725,93.0408,42.21,83,97,7.65,overcast clouds,RU,5/21/2022 14:54
660,Khartoum,15.5518,32.5324,107.02,11,27,1.01,clear sky,SD,5/21/2022 14:54
661,Fare,-16.7,-151.0167,79.88,72,8,10.2,shower rain,PF,5/21/2022 14:54
662,Carndonagh,55.25,-7.2667,62.22,78,99,9.66,clear sky,IE,5/21/2022 14:54
663,Berdigestyakh,62.0989,126.6992,39.67,82,7,3.29,clear sky,RU,5/21/2022 14:54
664,Havre-Saint-Pierre,50.2334,-63.5986,52.16,71,75,5.75,overcast clouds,CA,5/21/2022 14:54
665,Waipawa,-41.4122,175.5153,47.28,85,99,6.22,overcast clouds,NZ,5/21/2022 14:54
666,Normal,40.5142,-88.9906,59.9,86,100,18.99,few clouds,US,5/21/2022 14:53
667,Tezu,27.9167,96.1667,72.86,89,92,3.58,broken clouds,IN,5/21/2022 14:54
668,Maneadero,31.7167,-116.5667,61.16,71,58,4.85,light intensity drizzle rain,MX,5/21/2022 14:54
669,Kijang,35.2442,129.2139,64.13,66,0,3.06,overcast clouds,KR,5/21/2022 14:54
670,Kaeo,-35.1,173.7833,53.33,95,79,7.02,clear sky,NZ,5/21/2022 14:54
671,Paraiso,9.8383,-83.8656,70.88,90,100,2.77,shower rain,CR,5/21/2022 14:54
672,Mehran,33.1222,46.1646,91.44,6,24,19.13,clear sky,IR,5/21/2022 14:54
673,Toora-Khem,52.4675,96.11,54.66,51,56,2.08,clear sky,RU,5/21/2022 14:54
674,Encruzilhada,-15.5314,-40.9094,79.29,33,0,6.87,overcast clouds,BR,5/21/2022 14:54
675,Batagay-Alyta,67.8006,130.4114,26.49,93,30,3.49,overcast clouds,RU,5/21/2022 14:54
676,Poya,-21.35,165.15,74.19,90,85,5.75,few clouds,NC,5/21/2022 14:54
677,Awbari,26.5921,12.7805,87.93,17,0,11.9,broken clouds,LY,5/21/2022 14:54
678,Huron,41.1501,-82.5499,80.06,78,95,15.93,light intensity drizzle rain,US,5/21/2022 14:50
679,China,25.7,-99.2333,84.15,59,1,8.63,overcast clouds,MX,5/21/2022 14:54
680,Dawlatabad,36.4141,64.9053,80.85,31,3,30.18,clear sky,AF,5/21/2022 14:54
681,Thinadhoo,0.5333,72.9333,83.59,71,68,9.31,shower rain,MV,5/21/2022 14:54
682,Sturgeon Bay,44.8342,-87.377,57.16,71,0,14.97,clear sky,US,5/21/2022 14:54
683,Sambava,-14.2667,50.1667,75.42,85,46,11.95,clear sky,MG,5/21/2022 14:54
684,Mount Pleasant,32.7941,-79.8626,85.98,73,75,9.22,overcast clouds,US,5/21/2022 14:52
685,Meridian,43.6121,-116.3915,54.03,59,0,4.61,overcast clouds,US,5/21/2022 14:51
686,Ojinaga,29.5667,-104.4167,86.58,18,0,6.91,few clouds,MX,5/21/2022 14:54
687,Kampot,10.6167,104.1833,82.45,82,100,9.31,broken clouds,KH,5/21/2022 14:54
688,Crateus,-5.1783,-40.6775,88.84,45,47,6.26,light intensity drizzle rain,BR,5/21/2022 14:54
689,West Wendover,40.7391,-114.0733,47.41,40,0,10.36,overcast clouds,US,5/21/2022 14:54
690,Hofn,64.2539,-15.2082,49.26,83,95,11.39,clear sky,IS,5/21/2022 14:54
691,Vanimo,-2.6741,141.3028,78.31,89,89,5.01,shower rain,PG,5/21/2022 14:54
692,Chabahar,25.2919,60.643,85.82,76,0,7.83,clear sky,IR,5/21/2022 14:54
693,Baykit,61.67,96.37,47.03,81,99,6.6,clear sky,RU,5/21/2022 14:54
694,Tadine,-21.55,167.8833,74.75,92,99,25.34,overcast clouds,NC,5/21/2022 14:54
695,Hamilton,39.1834,-84.5333,83.77,69,78,5.99,overcast clouds,US,5/21/2022 14:54
696,Yerbogachen,61.2767,108.0108,47.26,88,62,4.99,few clouds,RU,5/21/2022 14:54
697,Cururupu,-1.8283,-44.8683,87.17,57,42,4.81,broken clouds,BR,5/21/2022 14:54
698,Evensk,61.95,159.2333,38.21,94,100,5.46,light intensity drizzle rain,RU,5/21/2022 14:54
699,Ottumwa,41.02,-92.4113,50.36,75,75,11.5,overcast clouds,US,5/21/2022 14:52
700,Talcahuano,-36.7167,-73.1167,46.08,100,0,5.75,clear sky,CL,5/21/2022 14:54
701,Verkhnyachka,48.8285,30.0396,67.69,80,81,16.84,shower rain,UA,5/21/2022 14:54
702,Kirkwall,58.9848,-2.9587,56.97,71,75,9.22,clear sky,GB,5/21/2022 14:50
703,Nalut,30.3333,10.85,85.51,7,0,11.18,clear sky,LY,5/21/2022 14:54
704,Chaoyang,41.5703,120.4586,71.62,34,1,5.35,overcast clouds,CN,5/21/2022 14:54
705,Camacha,33.0833,-16.3333,69.22,60,20,12.66,overcast clouds,PT,5/21/2022 14:54
706,Sao Joao Da Barra,-21.6403,-41.0511,75.29,53,0,4.07,few clouds,BR,5/21/2022 14:54
707,Morrope,-6.5417,-80.0111,68.11,68,54,9.82,broken clouds,PE,5/21/2022 14:54
708,Santarem,-2.4431,-54.7083,80.73,83,75,3.44,light intensity drizzle rain,BR,5/21/2022 14:54
709,Vangaindrano,-23.35,47.6,69.31,84,10,3.85,overcast clouds,MG,5/21/2022 14:54
710,Kautokeino,69.0125,23.0412,35.24,100,100,2.75,clear sky,NO,5/21/2022 14:54
711,Kabare,-2.4683,28.8242,70.65,78,99,2.62,shower rain,CD,5/21/2022 14:54
712,Mantua,45.1667,10.7833,87.04,47,47,1.01,clear sky,IT,5/21/2022 14:54
713,Half Moon Bay,37.4636,-122.4286,65.44,79,0,6.91,clear sky,US,5/21/2022 14:54
714,Batagay,67.6333,134.6333,39.24,72,68,2.75,overcast clouds,RU,5/21/2022 14:54
715,Denpasar,-8.65,115.2167,82.06,88,20,4.61,overcast clouds,ID,5/21/2022 14:50
716,Brindisi,40.5833,17.6667,81.77,38,0,11.27,few clouds,IT,5/21/2022 14:54
717,Farmington,36.7281,-108.2187,55.71,36,100,3,broken clouds,US,5/21/2022 14:53
718,Bhimunipatnam,17.8833,83.4333,85.51,67,100,13.35,light intensity drizzle rain,IN,5/21/2022 14:54
719,Christchurch,-43.5333,172.6333,41.95,81,81,5.75,overcast clouds,NZ,5/21/2022 14:54
720,Baherden,38.4362,57.4316,69.75,35,42,15.61,clear sky,TM,5/21/2022 14:54
721,Kudat,6.8837,116.8477,78.73,94,20,0,shower rain,MY,5/21/2022 14:54
722,Great Yarmouth,52.6083,1.7305,67.06,68,95,2.15,clear sky,GB,5/21/2022 14:52
723,Muros,42.7762,-9.0603,82.69,62,100,5.64,clear sky,ES,5/21/2022 14:54
724,Bentiu,9.2333,29.8333,91.36,44,100,8.61,overcast clouds,SS,5/21/2022 14:51
